{
  "total_feature_vectors": 2305,
  "outcome_counts": {
    "6": 1880,
    "5": 372,
    "4": 14,
    "7": 4,
    "1": 30,
    "2": 1,
    "9": 1,
    "8": 3
  },
  "outcome_distribution": {
    "6": 81.56182212581345,
    "5": 16.138828633405637,
    "4": 0.6073752711496746,
    "7": 0.1735357917570499,
    "1": 1.3015184381778742,
    "2": 0.04338394793926247,
    "9": 0.04338394793926247,
    "8": 0.1301518438177874
  },
  "trace_vector_stats": {
    "min_vectors_per_trace": 1,
    "max_vectors_per_trace": 21,
    "avg_vectors_per_trace": 5.806045340050378,
    "total_traces": 397
  },
  "unique_outcomes": [
    "6",
    "5",
    "4",
    "7",
    "1",
    "2",
    "9",
    "8"
  ]
}