{
  "total_feature_vectors": 1191,
  "outcome_counts": {
    "6": 830,
    "5": 319,
    "4": 11,
    "7": 4,
    "1": 23,
    "2": 1,
    "8": 3
  },
  "outcome_distribution": {
    "6": 69.68933669185559,
    "5": 26.78421494542401,
    "4": 0.9235936188077246,
    "7": 0.33585222502099077,
    "1": 1.9311502938706968,
    "2": 0.08396305625524769,
    "8": 0.2518891687657431
  },
  "trace_vector_stats": {
    "min_vectors_per_trace": 1,
    "max_vectors_per_trace": 10,
    "avg_vectors_per_trace": 3.721875,
    "total_traces": 320
  },
  "unique_outcomes": [
    "6",
    "5",
    "4",
    "7",
    "1",
    "2",
    "8"
  ]
}