{
  "total_feature_vectors": 681,
  "outcome_counts": {
    "6": 523,
    "5": 81,
    "4": 19,
    "7": 6,
    "2": 5,
    "1": 44,
    "0": 1,
    "9": 1,
    "8": 1
  },
  "outcome_distribution": {
    "6": 76.79882525697504,
    "5": 11.894273127753303,
    "4": 2.7900146842878124,
    "7": 0.881057268722467,
    "2": 0.7342143906020557,
    "1": 6.4610866372980915,
    "0": 0.14684287812041116,
    "9": 0.14684287812041116,
    "8": 0.14684287812041116
  },
  "trace_vector_stats": {
    "min_vectors_per_trace": 1,
    "max_vectors_per_trace": 1,
    "avg_vectors_per_trace": 1.0,
    "total_traces": 681
  },
  "unique_outcomes": [
    "6",
    "5",
    "4",
    "7",
    "2",
    "1",
    "0",
    "9",
    "8"
  ]
}