{
  "total_feature_vectors": 2552,
  "outcome_counts": {
    "6": 2055,
    "5": 400,
    "4": 27,
    "7": 14,
    "1": 50,
    "2": 2,
    "8": 4
  },
  "outcome_distribution": {
    "6": 80.52507836990596,
    "5": 15.673981191222571,
    "4": 1.0579937304075235,
    "7": 0.54858934169279,
    "1": 1.9592476489028214,
    "2": 0.07836990595611285,
    "8": 0.1567398119122257
  },
  "trace_vector_stats": {
    "min_vectors_per_trace": 1,
    "max_vectors_per_trace": 10,
    "avg_vectors_per_trace": 4.422876949740035,
    "total_traces": 577
  },
  "unique_outcomes": [
    "6",
    "5",
    "4",
    "7",
    "1",
    "2",
    "8"
  ]
}