{
  "total_feature_vectors": 4358,
  "outcome_counts": {
    "6": 3766,
    "5": 473,
    "4": 30,
    "7": 14,
    "1": 67,
    "2": 2,
    "9": 2,
    "8": 4
  },
  "outcome_distribution": {
    "6": 86.41578705828363,
    "5": 10.853602569986233,
    "4": 0.6883891693437356,
    "7": 0.32124827902707664,
    "1": 1.5374024782010096,
    "2": 0.04589261128958238,
    "9": 0.04589261128958238,
    "8": 0.09178522257916476
  },
  "trace_vector_stats": {
    "min_vectors_per_trace": 1,
    "max_vectors_per_trace": 25,
    "avg_vectors_per_trace": 6.653435114503817,
    "total_traces": 655
  },
  "unique_outcomes": [
    "6",
    "5",
    "4",
    "7",
    "1",
    "2",
    "9",
    "8"
  ]
}