{
  "total_feature_vectors": 71822,
  "outcome_counts": {
    "5": 63594,
    "9": 13,
    "3": 211,
    "11": 5539,
    "8": 248,
    "4": 1713,
    "1": 16,
    "0": 320,
    "7": 133,
    "6": 22,
    "10": 13
  },
  "outcome_distribution": {
    "5": 88.54390019771101,
    "9": 0.018100303528166856,
    "3": 0.2937818495725544,
    "11": 7.712121634039709,
    "8": 0.3452980980757985,
    "4": 2.3850630725961404,
    "1": 0.022277296650051515,
    "0": 0.4455459330010303,
    "7": 0.18518002840355324,
    "6": 0.030631282893820833,
    "10": 0.018100303528166856
  },
  "trace_vector_stats": {
    "min_vectors_per_trace": 3,
    "max_vectors_per_trace": 90,
    "avg_vectors_per_trace": 12.707360226468507,
    "total_traces": 5652
  },
  "unique_outcomes": [
    "5",
    "9",
    "3",
    "11",
    "8",
    "4",
    "1",
    "0",
    "7",
    "6",
    "10"
  ]
}