{
  "total_feature_vectors": 16956,
  "outcome_counts": {
    "5": 14025,
    "9": 9,
    "3": 75,
    "11": 2061,
    "8": 114,
    "4": 510,
    "1": 6,
    "0": 72,
    "7": 69,
    "6": 12,
    "10": 3
  },
  "outcome_distribution": {
    "5": 82.71408351026184,
    "9": 0.05307855626326964,
    "3": 0.4423213021939137,
    "11": 12.154989384288747,
    "8": 0.6723283793347488,
    "4": 3.007784854918613,
    "1": 0.035385704175513094,
    "0": 0.42462845010615713,
    "7": 0.4069355980184005,
    "6": 0.07077140835102619,
    "10": 0.017692852087756547
  },
  "trace_vector_stats": {
    "min_vectors_per_trace": 3,
    "max_vectors_per_trace": 3,
    "avg_vectors_per_trace": 3.0,
    "total_traces": 5652
  },
  "unique_outcomes": [
    "5",
    "9",
    "3",
    "11",
    "8",
    "4",
    "1",
    "0",
    "7",
    "6",
    "10"
  ]
}