{
  "total_feature_vectors": 2484,
  "outcome_counts": {
    "5": 2115,
    "9": 2,
    "3": 17,
    "11": 138,
    "8": 31,
    "4": 163,
    "7": 6,
    "0": 10,
    "6": 1,
    "10": 1
  },
  "outcome_distribution": {
    "5": 85.14492753623189,
    "9": 0.08051529790660225,
    "3": 0.6843800322061192,
    "11": 5.555555555555555,
    "8": 1.247987117552335,
    "4": 6.561996779388084,
    "7": 0.24154589371980675,
    "0": 0.40257648953301123,
    "6": 0.040257648953301126,
    "10": 0.040257648953301126
  },
  "trace_vector_stats": {
    "min_vectors_per_trace": 1,
    "max_vectors_per_trace": 11,
    "avg_vectors_per_trace": 3.713004484304933,
    "total_traces": 669
  },
  "unique_outcomes": [
    "5",
    "9",
    "3",
    "11",
    "8",
    "4",
    "7",
    "0",
    "6",
    "10"
  ]
}