{
  "total_feature_vectors": 45,
  "outcome_counts": {
    "5": 26,
    "9": 1,
    "3": 3,
    "8": 3,
    "11": 6,
    "4": 6
  },
  "outcome_distribution": {
    "5": 57.77777777777777,
    "9": 2.2222222222222223,
    "3": 6.666666666666667,
    "8": 6.666666666666667,
    "11": 13.333333333333334,
    "4": 13.333333333333334
  },
  "trace_vector_stats": {
    "min_vectors_per_trace": 1,
    "max_vectors_per_trace": 3,
    "avg_vectors_per_trace": 1.40625,
    "total_traces": 32
  },
  "unique_outcomes": [
    "5",
    "9",
    "3",
    "8",
    "11",
    "4"
  ]
}