{
  "total_feature_vectors": 12717,
  "outcome_counts": {
    "5": 11429,
    "9": 2,
    "3": 49,
    "11": 465,
    "8": 50,
    "4": 628,
    "0": 77,
    "7": 13,
    "6": 2,
    "10": 2
  },
  "outcome_distribution": {
    "5": 89.87182511598647,
    "9": 0.015726979633561376,
    "3": 0.3853110010222537,
    "11": 3.65652276480302,
    "8": 0.3931744908390344,
    "4": 4.938271604938271,
    "0": 0.605488715892113,
    "7": 0.10222536761814893,
    "6": 0.015726979633561376,
    "10": 0.015726979633561376
  },
  "trace_vector_stats": {
    "min_vectors_per_trace": 1,
    "max_vectors_per_trace": 89,
    "avg_vectors_per_trace": 9.950704225352112,
    "total_traces": 1278
  },
  "unique_outcomes": [
    "5",
    "9",
    "3",
    "11",
    "8",
    "4",
    "0",
    "7",
    "6",
    "10"
  ]
}