{
  "total_feature_vectors": 7784,
  "outcome_counts": {
    "5": 6874,
    "9": 2,
    "3": 39,
    "11": 236,
    "8": 38,
    "4": 525,
    "0": 62,
    "7": 6,
    "6": 1,
    "10": 1
  },
  "outcome_distribution": {
    "5": 88.3093525179856,
    "9": 0.025693730729701953,
    "3": 0.501027749229188,
    "11": 3.0318602261048304,
    "8": 0.4881808838643371,
    "4": 6.744604316546762,
    "0": 0.7965056526207606,
    "7": 0.07708119218910585,
    "6": 0.012846865364850977,
    "10": 0.012846865364850977
  },
  "trace_vector_stats": {
    "min_vectors_per_trace": 1,
    "max_vectors_per_trace": 89,
    "avg_vectors_per_trace": 8.845454545454546,
    "total_traces": 880
  },
  "unique_outcomes": [
    "5",
    "9",
    "3",
    "11",
    "8",
    "4",
    "0",
    "7",
    "6",
    "10"
  ]
}