{
  "total_feature_vectors": 59057,
  "outcome_counts": {
    "5": 51573,
    "9": 13,
    "3": 185,
    "11": 5335,
    "8": 237,
    "4": 1287,
    "1": 16,
    "0": 244,
    "7": 133,
    "6": 22,
    "10": 12
  },
  "outcome_distribution": {
    "5": 87.32749716375704,
    "9": 0.02201263186413126,
    "3": 0.31325668422032954,
    "11": 9.033645461164637,
    "8": 0.40130721167685457,
    "4": 2.1792505545489953,
    "1": 0.02709246998662309,
    "0": 0.41316016729600213,
    "7": 0.22520615676380448,
    "6": 0.037252146231606754,
    "10": 0.020319352489967323
  },
  "trace_vector_stats": {
    "min_vectors_per_trace": 3,
    "max_vectors_per_trace": 12,
    "avg_vectors_per_trace": 10.448867657466383,
    "total_traces": 5652
  },
  "unique_outcomes": [
    "5",
    "9",
    "3",
    "11",
    "8",
    "4",
    "1",
    "0",
    "7",
    "6",
    "10"
  ]
}