{
  "total_feature_vectors": 4801,
  "outcome_counts": {
    "5": 4175,
    "9": 2,
    "3": 23,
    "11": 301,
    "8": 39,
    "4": 224,
    "7": 13,
    "0": 21,
    "6": 2,
    "10": 1
  },
  "outcome_distribution": {
    "5": 86.96104978129556,
    "9": 0.0416579879191835,
    "3": 0.47906686107061025,
    "11": 6.269527181837117,
    "8": 0.8123307644240784,
    "4": 4.665694646948553,
    "7": 0.2707769214746928,
    "0": 0.43740887315142674,
    "6": 0.0416579879191835,
    "10": 0.02082899395959175
  },
  "trace_vector_stats": {
    "min_vectors_per_trace": 1,
    "max_vectors_per_trace": 11,
    "avg_vectors_per_trace": 4.611911623439001,
    "total_traces": 1041
  },
  "unique_outcomes": [
    "5",
    "9",
    "3",
    "11",
    "8",
    "4",
    "7",
    "0",
    "6",
    "10"
  ]
}