{
  "total_feature_vectors": 1325,
  "outcome_counts": {
    "5": 1082,
    "9": 2,
    "3": 13,
    "11": 106,
    "8": 14,
    "4": 73,
    "1": 2,
    "0": 19,
    "7": 9,
    "6": 4,
    "10": 1
  },
  "outcome_distribution": {
    "5": 81.66037735849056,
    "9": 0.1509433962264151,
    "3": 0.9811320754716981,
    "11": 8.0,
    "8": 1.0566037735849056,
    "4": 5.509433962264151,
    "1": 0.1509433962264151,
    "0": 1.4339622641509433,
    "7": 0.6792452830188679,
    "6": 0.3018867924528302,
    "10": 0.07547169811320754
  },
  "trace_vector_stats": {
    "min_vectors_per_trace": 1,
    "max_vectors_per_trace": 1,
    "avg_vectors_per_trace": 1.0,
    "total_traces": 1325
  },
  "unique_outcomes": [
    "5",
    "9",
    "3",
    "11",
    "8",
    "4",
    "1",
    "0",
    "7",
    "6",
    "10"
  ]
}