{
  "total_feature_vectors": 170,
  "outcome_counts": {
    "3": 6,
    "0": 127,
    "6": 4,
    "5": 17,
    "7": 7,
    "1": 2,
    "2": 6,
    "4": 1
  },
  "outcome_distribution": {
    "3": 3.5294117647058822,
    "0": 74.70588235294117,
    "6": 2.3529411764705883,
    "5": 10.0,
    "7": 4.117647058823529,
    "1": 1.1764705882352942,
    "2": 3.5294117647058822,
    "4": 0.5882352941176471
  },
  "trace_vector_stats": {
    "min_vectors_per_trace": 1,
    "max_vectors_per_trace": 1,
    "avg_vectors_per_trace": 1.0,
    "total_traces": 170
  },
  "unique_outcomes": [
    "3",
    "0",
    "6",
    "5",
    "7",
    "1",
    "2",
    "4"
  ]
}