{
  "total_feature_vectors": 363,
  "outcome_counts": {
    "3": 11,
    "0": 299,
    "6": 7,
    "5": 16,
    "7": 8,
    "1": 5,
    "2": 15,
    "4": 2
  },
  "outcome_distribution": {
    "3": 3.0303030303030303,
    "0": 82.36914600550963,
    "6": 1.9283746556473829,
    "5": 4.40771349862259,
    "7": 2.203856749311295,
    "1": 1.3774104683195594,
    "2": 4.132231404958678,
    "4": 0.5509641873278237
  },
  "trace_vector_stats": {
    "min_vectors_per_trace": 1,
    "max_vectors_per_trace": 7,
    "avg_vectors_per_trace": 3.0,
    "total_traces": 121
  },
  "unique_outcomes": [
    "3",
    "0",
    "6",
    "5",
    "7",
    "1",
    "2",
    "4"
  ]
}