{
  "total_feature_vectors": 480,
  "outcome_counts": {
    "3": 11,
    "0": 405,
    "6": 7,
    "5": 22,
    "7": 8,
    "1": 5,
    "2": 20,
    "4": 2
  },
  "outcome_distribution": {
    "3": 2.2916666666666665,
    "0": 84.375,
    "6": 1.4583333333333333,
    "5": 4.583333333333333,
    "7": 1.6666666666666667,
    "1": 1.0416666666666665,
    "2": 4.166666666666666,
    "4": 0.4166666666666667
  },
  "trace_vector_stats": {
    "min_vectors_per_trace": 1,
    "max_vectors_per_trace": 7,
    "avg_vectors_per_trace": 3.380281690140845,
    "total_traces": 142
  },
  "unique_outcomes": [
    "3",
    "0",
    "6",
    "5",
    "7",
    "1",
    "2",
    "4"
  ]
}