{
  "total_feature_vectors": 14678,
  "outcome_counts": {
    "3": 79,
    "0": 14064,
    "6": 43,
    "5": 303,
    "7": 57,
    "1": 67,
    "2": 61,
    "4": 4
  },
  "outcome_distribution": {
    "3": 0.5382204660035427,
    "0": 95.81686878321297,
    "6": 0.2929554435209156,
    "5": 2.0643139392287777,
    "7": 0.38833628559749284,
    "1": 0.45646545850933373,
    "2": 0.41558795476222915,
    "4": 0.02725166916473634
  },
  "trace_vector_stats": {
    "min_vectors_per_trace": 1,
    "max_vectors_per_trace": 21,
    "avg_vectors_per_trace": 8.742108397855867,
    "total_traces": 1679
  },
  "unique_outcomes": [
    "3",
    "0",
    "6",
    "5",
    "7",
    "1",
    "2",
    "4"
  ]
}