{
  "total_feature_vectors": 906,
  "outcome_counts": {
    "3": 13,
    "0": 798,
    "6": 8,
    "5": 37,
    "7": 9,
    "1": 15,
    "2": 24,
    "4": 2
  },
  "outcome_distribution": {
    "3": 1.434878587196468,
    "0": 88.0794701986755,
    "6": 0.8830022075055187,
    "5": 4.083885209713024,
    "7": 0.9933774834437087,
    "1": 1.6556291390728477,
    "2": 2.6490066225165565,
    "4": 0.22075055187637968
  },
  "trace_vector_stats": {
    "min_vectors_per_trace": 1,
    "max_vectors_per_trace": 14,
    "avg_vectors_per_trace": 5.558282208588957,
    "total_traces": 163
  },
  "unique_outcomes": [
    "3",
    "0",
    "6",
    "5",
    "7",
    "1",
    "2",
    "4"
  ]
}