{
  "total_feature_vectors": 12757,
  "outcome_counts": {
    "3": 75,
    "0": 12196,
    "6": 42,
    "5": 287,
    "7": 56,
    "1": 40,
    "2": 57,
    "4": 4
  },
  "outcome_distribution": {
    "3": 0.5879125186172298,
    "0": 95.60241436074313,
    "6": 0.3292310104256487,
    "5": 2.2497452379085994,
    "7": 0.43897468056753153,
    "1": 0.31355334326252254,
    "2": 0.44681351414909465,
    "4": 0.03135533432625225
  },
  "trace_vector_stats": {
    "min_vectors_per_trace": 1,
    "max_vectors_per_trace": 8,
    "avg_vectors_per_trace": 7.597974985110184,
    "total_traces": 1679
  },
  "unique_outcomes": [
    "3",
    "0",
    "6",
    "5",
    "7",
    "1",
    "2",
    "4"
  ]
}