{
  "total_feature_vectors": 677,
  "outcome_counts": {
    "3": 12,
    "0": 587,
    "6": 8,
    "5": 27,
    "7": 9,
    "1": 14,
    "2": 18,
    "4": 2
  },
  "outcome_distribution": {
    "3": 1.7725258493353029,
    "0": 86.70605612998523,
    "6": 1.1816838995568686,
    "5": 3.9881831610044314,
    "7": 1.329394387001477,
    "1": 2.06794682422452,
    "2": 2.658788774002954,
    "4": 0.29542097488921715
  },
  "trace_vector_stats": {
    "min_vectors_per_trace": 1,
    "max_vectors_per_trace": 13,
    "avg_vectors_per_trace": 4.767605633802817,
    "total_traces": 142
  },
  "unique_outcomes": [
    "3",
    "0",
    "6",
    "5",
    "7",
    "1",
    "2",
    "4"
  ]
}