{
  "total_feature_vectors": 1679,
  "outcome_counts": {
    "3": 10,
    "0": 1584,
    "6": 7,
    "5": 48,
    "7": 16,
    "1": 5,
    "2": 8,
    "4": 1
  },
  "outcome_distribution": {
    "3": 0.5955926146515783,
    "0": 94.34187016081,
    "6": 0.4169148302561048,
    "5": 2.858844550327576,
    "7": 0.9529481834425254,
    "1": 0.29779630732578916,
    "2": 0.4764740917212627,
    "4": 0.05955926146515784
  },
  "trace_vector_stats": {
    "min_vectors_per_trace": 1,
    "max_vectors_per_trace": 1,
    "avg_vectors_per_trace": 1.0,
    "total_traces": 1679
  },
  "unique_outcomes": [
    "3",
    "0",
    "6",
    "5",
    "7",
    "1",
    "2",
    "4"
  ]
}