{
  "total_feature_vectors": 29305,
  "outcome_counts": {
    "0": 27835,
    "6": 168,
    "5": 1199,
    "1": 3,
    "8": 64,
    "2": 32,
    "4": 4
  },
  "outcome_distribution": {
    "0": 94.98379116191776,
    "6": 0.5732810100665415,
    "5": 4.091451970653472,
    "1": 0.010237160894045385,
    "8": 0.21839276573963487,
    "2": 0.10919638286981743,
    "4": 0.01364954785872718
  },
  "trace_vector_stats": {
    "min_vectors_per_trace": 1,
    "max_vectors_per_trace": 16,
    "avg_vectors_per_trace": 5.320442992011619,
    "total_traces": 5508
  },
  "unique_outcomes": [
    "0",
    "6",
    "5",
    "1",
    "8",
    "2",
    "4"
  ]
}