{
  "total_feature_vectors": 81,
  "outcome_counts": {
    "0": 54,
    "6": 4,
    "5": 15,
    "1": 1,
    "8": 2,
    "2": 4,
    "4": 1
  },
  "outcome_distribution": {
    "0": 66.66666666666666,
    "6": 4.938271604938271,
    "5": 18.51851851851852,
    "1": 1.2345679012345678,
    "8": 2.4691358024691357,
    "2": 4.938271604938271,
    "4": 1.2345679012345678
  },
  "trace_vector_stats": {
    "min_vectors_per_trace": 1,
    "max_vectors_per_trace": 1,
    "avg_vectors_per_trace": 1.0,
    "total_traces": 81
  },
  "unique_outcomes": [
    "0",
    "6",
    "5",
    "1",
    "8",
    "2",
    "4"
  ]
}