{
  "total_feature_vectors": 26028,
  "outcome_counts": {
    "0": 24605,
    "6": 156,
    "5": 1166,
    "1": 3,
    "8": 64,
    "2": 30,
    "4": 4
  },
  "outcome_distribution": {
    "0": 94.53281081911787,
    "6": 0.599354541263255,
    "5": 4.4797909943138166,
    "1": 0.01152604887044721,
    "8": 0.24588904256954047,
    "2": 0.11526048870447211,
    "4": 0.01536806516059628
  },
  "trace_vector_stats": {
    "min_vectors_per_trace": 1,
    "max_vectors_per_trace": 5,
    "avg_vectors_per_trace": 4.7254901960784315,
    "total_traces": 5508
  },
  "unique_outcomes": [
    "0",
    "6",
    "5",
    "1",
    "8",
    "2",
    "4"
  ]
}