{
  "total_feature_vectors": 5508,
  "outcome_counts": {
    "0": 5038,
    "6": 41,
    "5": 358,
    "1": 1,
    "8": 58,
    "2": 11,
    "4": 1
  },
  "outcome_distribution": {
    "0": 91.46695715323166,
    "6": 0.7443718228031954,
    "5": 6.499636891793754,
    "1": 0.01815541031227306,
    "8": 1.0530137981118373,
    "2": 0.19970951343500362,
    "4": 0.01815541031227306
  },
  "trace_vector_stats": {
    "min_vectors_per_trace": 1,
    "max_vectors_per_trace": 1,
    "avg_vectors_per_trace": 1.0,
    "total_traces": 5508
  },
  "unique_outcomes": [
    "0",
    "6",
    "5",
    "1",
    "8",
    "2",
    "4"
  ]
}