{
  "total_feature_vectors": 45267,
  "outcome_counts": {
    "5": 5064,
    "6": 17516,
    "2": 18053,
    "4": 4035,
    "0": 264,
    "1": 209,
    "3": 126
  },
  "outcome_distribution": {
    "5": 11.18695738617536,
    "6": 38.69485497161288,
    "2": 39.88114962334593,
    "4": 8.913778249055603,
    "0": 0.5832063092318908,
    "1": 0.46170499480858024,
    "3": 0.278348465769766
  },
  "trace_vector_stats": {
    "min_vectors_per_trace": 1,
    "max_vectors_per_trace": 3,
    "avg_vectors_per_trace": 2.4305734536082473,
    "total_traces": 18624
  },
  "unique_outcomes": [
    "5",
    "6",
    "2",
    "4",
    "0",
    "1",
    "3"
  ]
}