{
  "total_feature_vectors": 31762,
  "outcome_counts": {
    "5": 4933,
    "6": 10764,
    "2": 13055,
    "4": 2613,
    "0": 174,
    "1": 139,
    "3": 84
  },
  "outcome_distribution": {
    "5": 15.531137837667652,
    "6": 33.889553554562056,
    "2": 41.1025754045715,
    "4": 8.226811913607456,
    "0": 0.5478244443045148,
    "1": 0.4376298721742963,
    "3": 0.26446697311252443
  },
  "trace_vector_stats": {
    "min_vectors_per_trace": 1,
    "max_vectors_per_trace": 2,
    "avg_vectors_per_trace": 1.7438234325244317,
    "total_traces": 18214
  },
  "unique_outcomes": [
    "5",
    "6",
    "2",
    "4",
    "0",
    "1",
    "3"
  ]
}