{
  "total_feature_vectors": 319,
  "outcome_counts": {
    "5": 2,
    "6": 64,
    "2": 177,
    "4": 42,
    "0": 12,
    "3": 4,
    "1": 18
  },
  "outcome_distribution": {
    "5": 0.6269592476489028,
    "6": 20.06269592476489,
    "2": 55.4858934169279,
    "4": 13.166144200626958,
    "0": 3.761755485893417,
    "3": 1.2539184952978055,
    "1": 5.6426332288401255
  },
  "trace_vector_stats": {
    "min_vectors_per_trace": 1,
    "max_vectors_per_trace": 11,
    "avg_vectors_per_trace": 2.140939597315436,
    "total_traces": 149
  },
  "unique_outcomes": [
    "5",
    "6",
    "2",
    "4",
    "0",
    "3",
    "1"
  ]
}