{
  "total_feature_vectors": 12,
  "outcome_counts": {
    "5": 2,
    "6": 1,
    "2": 7,
    "4": 1,
    "1": 1
  },
  "outcome_distribution": {
    "5": 16.666666666666664,
    "6": 8.333333333333332,
    "2": 58.333333333333336,
    "4": 8.333333333333332,
    "1": 8.333333333333332
  },
  "trace_vector_stats": {
    "min_vectors_per_trace": 1,
    "max_vectors_per_trace": 2,
    "avg_vectors_per_trace": 1.2,
    "total_traces": 10
  },
  "unique_outcomes": [
    "5",
    "6",
    "2",
    "4",
    "1"
  ]
}