{
  "total_feature_vectors": 79747,
  "outcome_counts": {
    "5": 5069,
    "6": 32841,
    "2": 31830,
    "4": 8485,
    "0": 675,
    "1": 555,
    "3": 292
  },
  "outcome_distribution": {
    "5": 6.356351963083251,
    "6": 41.18148645090097,
    "2": 39.913727162150295,
    "4": 10.639898679574152,
    "0": 0.8464268248335362,
    "1": 0.6959509448631296,
    "3": 0.3661579745946556
  },
  "trace_vector_stats": {
    "min_vectors_per_trace": 1,
    "max_vectors_per_trace": 20,
    "avg_vectors_per_trace": 3.966723040191007,
    "total_traces": 20104
  },
  "unique_outcomes": [
    "5",
    "6",
    "2",
    "4",
    "0",
    "1",
    "3"
  ]
}