{
  "total_feature_vectors": 123,
  "outcome_counts": {
    "5": 2,
    "6": 17,
    "2": 81,
    "4": 15,
    "0": 3,
    "3": 3,
    "1": 2
  },
  "outcome_distribution": {
    "5": 1.6260162601626018,
    "6": 13.821138211382115,
    "2": 65.85365853658537,
    "4": 12.195121951219512,
    "0": 2.4390243902439024,
    "3": 2.4390243902439024,
    "1": 1.6260162601626018
  },
  "trace_vector_stats": {
    "min_vectors_per_trace": 1,
    "max_vectors_per_trace": 11,
    "avg_vectors_per_trace": 1.8923076923076922,
    "total_traces": 65
  },
  "unique_outcomes": [
    "5",
    "6",
    "2",
    "4",
    "0",
    "3",
    "1"
  ]
}