{
  "total_feature_vectors": 2853,
  "outcome_counts": {
    "8": 1201,
    "13": 1109,
    "4": 58,
    "9": 235,
    "5": 17,
    "10": 87,
    "6": 14,
    "11": 44,
    "1": 9,
    "7": 48,
    "2": 6,
    "0": 2,
    "12": 21,
    "3": 2
  },
  "outcome_distribution": {
    "8": 42.09603925692254,
    "13": 38.87136347704171,
    "4": 2.0329477742726954,
    "9": 8.236943568173851,
    "5": 0.5958640028040658,
    "10": 3.0494216614090432,
    "6": 0.49071153172099546,
    "11": 1.5422362425517,
    "1": 0.31545741324921134,
    "7": 1.6824395373291272,
    "2": 0.2103049421661409,
    "0": 0.07010164738871363,
    "12": 0.7360672975814931,
    "3": 0.07010164738871363
  },
  "trace_vector_stats": {
    "min_vectors_per_trace": 1,
    "max_vectors_per_trace": 14,
    "avg_vectors_per_trace": 4.654159869494291,
    "total_traces": 613
  },
  "unique_outcomes": [
    "8",
    "13",
    "4",
    "9",
    "5",
    "10",
    "6",
    "11",
    "1",
    "7",
    "2",
    "0",
    "12",
    "3"
  ]
}