{
  "total_feature_vectors": 51,
  "outcome_counts": {
    "8": 15,
    "13": 19,
    "4": 9,
    "9": 3,
    "10": 2,
    "7": 2,
    "5": 1
  },
  "outcome_distribution": {
    "8": 29.411764705882355,
    "13": 37.254901960784316,
    "4": 17.647058823529413,
    "9": 5.88235294117647,
    "10": 3.9215686274509802,
    "7": 3.9215686274509802,
    "5": 1.9607843137254901
  },
  "trace_vector_stats": {
    "min_vectors_per_trace": 1,
    "max_vectors_per_trace": 3,
    "avg_vectors_per_trace": 1.8214285714285714,
    "total_traces": 28
  },
  "unique_outcomes": [
    "8",
    "13",
    "4",
    "9",
    "10",
    "7",
    "5"
  ]
}