{
  "total_feature_vectors": 5367,
  "outcome_counts": {
    "8": 2041,
    "13": 2243,
    "4": 58,
    "9": 551,
    "5": 17,
    "10": 122,
    "6": 24,
    "11": 173,
    "1": 9,
    "7": 65,
    "2": 6,
    "0": 2,
    "12": 54,
    "3": 2
  },
  "outcome_distribution": {
    "8": 38.02869386994597,
    "13": 41.79243525246879,
    "4": 1.0806782187441772,
    "9": 10.266443078069685,
    "5": 0.31675051239053476,
    "10": 2.2731507359791316,
    "6": 0.4471771939631079,
    "11": 3.2234022731507364,
    "1": 0.16769144773616546,
    "7": 1.2111049003167504,
    "2": 0.11179429849077697,
    "0": 0.037264766163592325,
    "12": 1.0061486864169928,
    "3": 0.037264766163592325
  },
  "trace_vector_stats": {
    "min_vectors_per_trace": 1,
    "max_vectors_per_trace": 165,
    "avg_vectors_per_trace": 8.5872,
    "total_traces": 625
  },
  "unique_outcomes": [
    "8",
    "13",
    "4",
    "9",
    "5",
    "10",
    "6",
    "11",
    "1",
    "7",
    "2",
    "0",
    "12",
    "3"
  ]
}