{
  "total_feature_vectors": 12056,
  "outcome_counts": {
    "8": 4778,
    "13": 4342,
    "4": 511,
    "9": 910,
    "2": 82,
    "7": 263,
    "5": 81,
    "10": 237,
    "1": 190,
    "6": 176,
    "11": 266,
    "0": 106,
    "12": 99,
    "3": 15
  },
  "outcome_distribution": {
    "8": 39.63171864631719,
    "13": 36.01526211015263,
    "4": 4.238553417385535,
    "9": 7.548108825481088,
    "2": 0.6801592568015925,
    "7": 2.1814863968148637,
    "5": 0.6718646317186463,
    "10": 1.9658261446582614,
    "1": 1.5759787657597877,
    "6": 1.4598540145985401,
    "11": 2.206370272063703,
    "0": 0.8792302587923027,
    "12": 0.8211678832116789,
    "3": 0.12441937624419377
  },
  "trace_vector_stats": {
    "min_vectors_per_trace": 1,
    "max_vectors_per_trace": 170,
    "avg_vectors_per_trace": 14.54282267792521,
    "total_traces": 829
  },
  "unique_outcomes": [
    "8",
    "13",
    "4",
    "9",
    "2",
    "7",
    "5",
    "10",
    "1",
    "6",
    "11",
    "0",
    "12",
    "3"
  ]
}