{
  "total_feature_vectors": 2457,
  "outcome_counts": {
    "8": 936,
    "13": 717,
    "4": 192,
    "9": 141,
    "2": 63,
    "7": 96,
    "5": 30,
    "10": 45,
    "1": 84,
    "6": 66,
    "11": 30,
    "0": 36,
    "12": 15,
    "3": 6
  },
  "outcome_distribution": {
    "8": 38.095238095238095,
    "13": 29.181929181929185,
    "4": 7.814407814407814,
    "9": 5.738705738705739,
    "2": 2.564102564102564,
    "7": 3.907203907203907,
    "5": 1.221001221001221,
    "10": 1.8315018315018317,
    "1": 3.418803418803419,
    "6": 2.6862026862026864,
    "11": 1.221001221001221,
    "0": 1.465201465201465,
    "12": 0.6105006105006106,
    "3": 0.2442002442002442
  },
  "trace_vector_stats": {
    "min_vectors_per_trace": 3,
    "max_vectors_per_trace": 3,
    "avg_vectors_per_trace": 3.0,
    "total_traces": 819
  },
  "unique_outcomes": [
    "8",
    "13",
    "4",
    "9",
    "2",
    "7",
    "5",
    "10",
    "1",
    "6",
    "11",
    "0",
    "12",
    "3"
  ]
}