{
  "total_feature_vectors": 2255,
  "outcome_counts": {
    "8": 735,
    "13": 966,
    "4": 24,
    "9": 300,
    "5": 3,
    "10": 45,
    "6": 14,
    "11": 107,
    "1": 1,
    "7": 21,
    "0": 2,
    "12": 33,
    "2": 2,
    "3": 2
  },
  "outcome_distribution": {
    "8": 32.59423503325942,
    "13": 42.83813747228382,
    "4": 1.06430155210643,
    "9": 13.303769401330376,
    "5": 0.13303769401330376,
    "10": 1.9955654101995564,
    "6": 0.6208425720620843,
    "11": 4.745011086474501,
    "1": 0.044345898004434586,
    "7": 0.9312638580931265,
    "0": 0.08869179600886917,
    "12": 1.4634146341463417,
    "2": 0.08869179600886917,
    "3": 0.08869179600886917
  },
  "trace_vector_stats": {
    "min_vectors_per_trace": 1,
    "max_vectors_per_trace": 151,
    "avg_vectors_per_trace": 6.263888888888889,
    "total_traces": 360
  },
  "unique_outcomes": [
    "8",
    "13",
    "4",
    "9",
    "5",
    "10",
    "6",
    "11",
    "1",
    "7",
    "0",
    "12",
    "2",
    "3"
  ]
}