{
  "total_feature_vectors": 684,
  "outcome_counts": {
    "8": 283,
    "13": 229,
    "4": 32,
    "9": 46,
    "2": 5,
    "7": 17,
    "5": 9,
    "10": 15,
    "1": 12,
    "6": 10,
    "11": 10,
    "0": 9,
    "12": 5,
    "3": 2
  },
  "outcome_distribution": {
    "8": 41.37426900584795,
    "13": 33.47953216374269,
    "4": 4.678362573099415,
    "9": 6.725146198830409,
    "2": 0.7309941520467835,
    "7": 2.4853801169590644,
    "5": 1.3157894736842104,
    "10": 2.1929824561403506,
    "1": 1.7543859649122806,
    "6": 1.461988304093567,
    "11": 1.461988304093567,
    "0": 1.3157894736842104,
    "12": 0.7309941520467835,
    "3": 0.29239766081871343
  },
  "trace_vector_stats": {
    "min_vectors_per_trace": 1,
    "max_vectors_per_trace": 1,
    "avg_vectors_per_trace": 1.0,
    "total_traces": 684
  },
  "unique_outcomes": [
    "8",
    "13",
    "4",
    "9",
    "2",
    "7",
    "5",
    "10",
    "1",
    "6",
    "11",
    "0",
    "12",
    "3"
  ]
}