{
  "total_feature_vectors": 611,
  "outcome_counts": {
    "8": 224,
    "13": 234,
    "4": 24,
    "9": 63,
    "5": 3,
    "10": 23,
    "6": 6,
    "11": 6,
    "1": 1,
    "7": 13,
    "0": 2,
    "12": 8,
    "2": 2,
    "3": 2
  },
  "outcome_distribution": {
    "8": 36.661211129296234,
    "13": 38.297872340425535,
    "4": 3.927986906710311,
    "9": 10.310965630114566,
    "5": 0.4909983633387889,
    "10": 3.764320785597381,
    "6": 0.9819967266775778,
    "11": 0.9819967266775778,
    "1": 0.16366612111292964,
    "7": 2.127659574468085,
    "0": 0.32733224222585927,
    "12": 1.309328968903437,
    "2": 0.32733224222585927,
    "3": 0.32733224222585927
  },
  "trace_vector_stats": {
    "min_vectors_per_trace": 1,
    "max_vectors_per_trace": 14,
    "avg_vectors_per_trace": 2.5672268907563027,
    "total_traces": 238
  },
  "unique_outcomes": [
    "8",
    "13",
    "4",
    "9",
    "5",
    "10",
    "6",
    "11",
    "1",
    "7",
    "0",
    "12",
    "2",
    "3"
  ]
}