{
  "total_feature_vectors": 9531,
  "outcome_counts": {
    "8": 3933,
    "13": 3202,
    "4": 511,
    "9": 594,
    "2": 82,
    "7": 246,
    "5": 81,
    "10": 202,
    "1": 190,
    "6": 166,
    "11": 137,
    "0": 106,
    "12": 66,
    "3": 15
  },
  "outcome_distribution": {
    "8": 41.26534466477809,
    "13": 33.59563529535201,
    "4": 5.361452103661735,
    "9": 6.232294617563739,
    "2": 0.8603504354212569,
    "7": 2.5810513062637708,
    "5": 0.84985835694051,
    "10": 2.1193998531109015,
    "1": 1.993494911341937,
    "6": 1.741685027804008,
    "11": 1.437414751862344,
    "0": 1.1121603189591858,
    "12": 0.6924771797293043,
    "3": 0.15738117721120554
  },
  "trace_vector_stats": {
    "min_vectors_per_trace": 1,
    "max_vectors_per_trace": 14,
    "avg_vectors_per_trace": 11.49698431845597,
    "total_traces": 829
  },
  "unique_outcomes": [
    "8",
    "13",
    "4",
    "9",
    "2",
    "7",
    "5",
    "10",
    "1",
    "6",
    "11",
    "0",
    "12",
    "3"
  ]
}